date,description,category,type,amount,payment_mode,notes
2026-04-02,Nature's Basket Organic Fruits & Veggies,Groceries,expense,1591.83,UPI,Fresh pantry items
2026-04-02,Uber Premier - Office Commute,Travel & Commute,expense,583.01,UPI,Commute expense
2026-04-03,Social Pub - Weekend Dinner,Food & Dining,expense,2166.74,UPI,Food order
2026-04-03,Blinkit Quick Delivery,Groceries,expense,983.18,UPI,Fresh pantry items
2026-04-04,Social Pub - Weekend Dinner,Food & Dining,expense,3337.46,Credit Card,Food order
2026-04-04,Zepto Instant Groceries,Groceries,expense,899.46,UPI,Fresh pantry items
2026-04-05,Apartment Maintenance & Rent,Rent,expense,23500.0,UPI,Paid to Landlord
2026-04-05,McDonald's - Drive Thru,Food & Dining,expense,494.44,UPI,Food order
2026-04-05,Nature's Basket Organic Fruits & Veggies,Groceries,expense,2165.96,UPI,Fresh pantry items
2026-04-06,Shell Petrol Pump - Fuel Top-up,Travel & Commute,expense,2995.29,Credit Card,Commute expense
2026-04-07,Nippon India Nifty 50 Index Fund SIP,Investment,expense,12000.0,Auto Debit,Automated monthly SIP
2026-04-07,Parag Parikh Flexi Cap Fund SIP,Investment,expense,8000.0,Auto Debit,SIP investment
2026-04-07,Ola Cabs - Airport Ride,Travel & Commute,expense,1159.23,UPI,Commute expense
2026-04-08,Shell Petrol Pump - Fuel Top-up,Travel & Commute,expense,2195.18,Credit Card,Commute expense
2026-04-09,Ola Cabs - Airport Ride,Travel & Commute,expense,1063.66,UPI,Commute expense
2026-04-10,HDFC Auto Loan EMI,EMI & Loans,expense,9200.0,Auto Debit,Monthly EMI
2026-04-10,Starbucks Coffee & Croissant,Food & Dining,expense,846.12,UPI,Food order
2026-04-11,Swiggy Instamart Snack Order,Food & Dining,expense,477.23,Credit Card,Food order
2026-04-11,Zara - Weekend Shopping,Shopping,expense,4178.08,Credit Card,Retail purchase
2026-04-12,Airtel Fiber & Mobile Postpaid,Bills & Utilities,expense,1699.0,Credit Card,High speed internet & family plan
2026-04-12,Adani Electricity Bill,Bills & Utilities,expense,2454.17,UPI,Monthly power bill
2026-04-12,Third Wave Coffee,Food & Dining,expense,482.24,UPI,Food order
2026-04-12,Nature's Basket Organic Fruits & Veggies,Groceries,expense,2395.22,UPI,Fresh pantry items
2026-04-13,Fastag Toll Auto-Recharge,Travel & Commute,expense,545.45,UPI,Commute expense
2026-04-13,Amazon India - Household Essentials,Shopping,expense,1086.9,Credit Card,Retail purchase
2026-04-14,Fastag Toll Auto-Recharge,Travel & Commute,expense,764.56,UPI,Commute expense
2026-04-15,Netflix 4K + Spotify Family,Subscriptions,expense,898.0,Credit Card,Streaming entertainment
2026-04-15,Third Wave Coffee,Food & Dining,expense,375.51,Credit Card,Food order
2026-04-16,Zomato Delivery - Biryani Blues,Food & Dining,expense,931.53,Credit Card,Food order
2026-04-16,Zepto Instant Groceries,Groceries,expense,741.38,UPI,Fresh pantry items
2026-04-16,Shell Petrol Pump - Fuel Top-up,Travel & Commute,expense,3010.0,Credit Card,Commute expense
2026-04-17,Starbucks Coffee & Croissant,Food & Dining,expense,762.13,UPI,Food order
2026-04-17,Zara - Weekend Shopping,Shopping,expense,5447.59,Credit Card,Retail purchase
2026-04-18,Upwork - UI/UX Consulting Retainer,Freelance,income,24500.0,Direct Transfer,Client project milestone
2026-04-18,Starbucks Coffee & Croissant,Food & Dining,expense,805.13,Credit Card,Food order
2026-04-18,Amazon India - Household Essentials,Shopping,expense,982.76,Credit Card,Retail purchase
2026-04-19,Zomato Delivery - Biryani Blues,Food & Dining,expense,941.19,UPI,Food order
2026-04-19,DMart Supermarket Monthly Run,Groceries,expense,6340.55,UPI,Fresh pantry items
2026-04-22,Blinkit Quick Delivery,Groceries,expense,771.18,UPI,Fresh pantry items
2026-04-23,Third Wave Coffee,Food & Dining,expense,358.25,UPI,Food order
2026-04-23,Nature's Basket Organic Fruits & Veggies,Groceries,expense,1313.37,UPI,Fresh pantry items
2026-04-23,Fastag Toll Auto-Recharge,Travel & Commute,expense,607.12,UPI,Commute expense
2026-04-24,Chai Point - Evening Chai & Snacks,Food & Dining,expense,200.67,UPI,Food order
2026-04-24,Uber Premier - Office Commute,Travel & Commute,expense,409.08,UPI,Commute expense
2026-04-25,Social Pub - Weekend Dinner,Food & Dining,expense,3914.06,UPI,Food order
2026-04-26,Third Wave Coffee,Food & Dining,expense,445.18,Credit Card,Food order
2026-04-26,Zepto Instant Groceries,Groceries,expense,765.12,UPI,Fresh pantry items
2026-04-27,Uber Premier - Office Commute,Travel & Commute,expense,395.18,UPI,Commute expense
2026-04-29,Social Pub - Weekend Dinner,Food & Dining,expense,3995.13,UPI,Food order
2026-04-29,DMart Supermarket Monthly Run,Groceries,expense,4295.61,UPI,Fresh pantry items
2026-05-01,TechCorp Solutions - Monthly Salary,Salary,income,88000.0,Net Banking,Direct bank transfer
2026-05-01,Starbucks Coffee & Croissant,Food & Dining,expense,560.55,UPI,Food order
2026-05-01,Shell Petrol Pump - Fuel Top-up,Travel & Commute,expense,2068.6,Credit Card,Commute expense
2026-05-02,McDonald's - Drive Thru,Food & Dining,expense,560.58,UPI,Food order
2026-05-03,Zomato Delivery - Biryani Blues,Food & Dining,expense,820.09,UPI,Food order
2026-05-03,Zepto Instant Groceries,Groceries,expense,800.5,UPI,Fresh pantry items
2026-05-03,Amazon India - Household Essentials,Shopping,expense,1499.8,Credit Card,Retail purchase
2026-05-04,Shell Petrol Pump - Fuel Top-up,Travel & Commute,expense,2286.42,Credit Card,Commute expense
2026-05-05,Apartment Maintenance & Rent,Rent,expense,23500.0,UPI,Paid to Landlord
2026-05-05,Starbucks Coffee & Croissant,Food & Dining,expense,823.74,Credit Card,Food order
2026-05-05,Blinkit Quick Delivery,Groceries,expense,519.6,UPI,Fresh pantry items
2026-05-05,Shell Petrol Pump - Fuel Top-up,Travel & Commute,expense,2158.95,Credit Card,Commute expense
2026-05-06,Starbucks Coffee & Croissant,Food & Dining,expense,538.37,Credit Card,Food order
2026-05-07,Nippon India Nifty 50 Index Fund SIP,Investment,expense,12000.0,Auto Debit,Automated monthly SIP
2026-05-07,Parag Parikh Flexi Cap Fund SIP,Investment,expense,8000.0,Auto Debit,SIP investment
2026-05-07,McDonald's - Drive Thru,Food & Dining,expense,568.56,Credit Card,Food order
2026-05-07,Zepto Instant Groceries,Groceries,expense,539.51,UPI,Fresh pantry items
2026-05-08,Starbucks Coffee & Croissant,Food & Dining,expense,703.79,Credit Card,Food order
2026-05-08,Nature's Basket Organic Fruits & Veggies,Groceries,expense,2008.65,UPI,Fresh pantry items
2026-05-08,Uber Premier - Office Commute,Travel & Commute,expense,407.69,UPI,Commute expense
2026-05-09,Zomato Delivery - Biryani Blues,Food & Dining,expense,683.42,UPI,Food order
2026-05-10,HDFC Auto Loan EMI,EMI & Loans,expense,9200.0,Auto Debit,Monthly EMI
2026-05-10,Third Wave Coffee,Food & Dining,expense,472.58,UPI,Food order
2026-05-10,Zepto Instant Groceries,Groceries,expense,772.84,UPI,Fresh pantry items
2026-05-11,Swiggy Instamart Snack Order,Food & Dining,expense,290.04,UPI,Food order
2026-05-11,Zara - Weekend Shopping,Shopping,expense,4166.35,Credit Card,Retail purchase
2026-05-12,Airtel Fiber & Mobile Postpaid,Bills & Utilities,expense,1699.0,Credit Card,High speed internet & family plan
2026-05-12,Adani Electricity Bill,Bills & Utilities,expense,2266.9,UPI,Monthly power bill
2026-05-12,McDonald's - Drive Thru,Food & Dining,expense,570.36,Credit Card,Food order
2026-05-13,McDonald's - Drive Thru,Food & Dining,expense,655.66,Credit Card,Food order
2026-05-13,Nature's Basket Organic Fruits & Veggies,Groceries,expense,2451.82,UPI,Fresh pantry items
2026-05-13,Ola Cabs - Airport Ride,Travel & Commute,expense,956.72,UPI,Commute expense
2026-05-14,Fastag Toll Auto-Recharge,Travel & Commute,expense,674.83,UPI,Commute expense
2026-05-15,Netflix 4K + Spotify Family,Subscriptions,expense,898.0,Credit Card,Streaming entertainment
2026-05-15,Swiggy Instamart Snack Order,Food & Dining,expense,285.68,UPI,Food order
2026-05-16,Third Wave Coffee,Food & Dining,expense,497.92,UPI,Food order
2026-05-16,Tata 1mg - Health Supplements,Healthcare,expense,991.07,UPI,Medical wellness
2026-05-17,Starbucks Coffee & Croissant,Food & Dining,expense,494.16,UPI,Food order
2026-05-18,Zepto Instant Groceries,Groceries,expense,531.42,UPI,Fresh pantry items
2026-05-18,Myntra - Casual Wear,Shopping,expense,2656.24,Credit Card,Retail purchase
2026-05-19,Uber Premier - Office Commute,Travel & Commute,expense,595.93,UPI,Commute expense
2026-05-20,Ola Cabs - Airport Ride,Travel & Commute,expense,926.74,UPI,Commute expense
2026-05-21,Nature's Basket Organic Fruits & Veggies,Groceries,expense,1849.72,UPI,Fresh pantry items
2026-05-22,McDonald's - Drive Thru,Food & Dining,expense,577.19,UPI,Food order
2026-05-22,Ola Cabs - Airport Ride,Travel & Commute,expense,1054.47,UPI,Commute expense
2026-05-22,Taj Lands End - Anniversary Celebration Dinner,Food & Dining,expense,16450.0,Credit Card,Special milestone dinner with family
2026-05-23,Third Wave Coffee,Food & Dining,expense,392.6,UPI,Food order
2026-05-24,McDonald's - Drive Thru,Food & Dining,expense,703.68,UPI,Food order
2026-05-25,Social Pub - Weekend Dinner,Food & Dining,expense,3383.68,Credit Card,Food order
2026-05-26,Uber Premier - Office Commute,Travel & Commute,expense,647.8,UPI,Commute expense
2026-05-27,DMart Supermarket Monthly Run,Groceries,expense,3650.66,UPI,Fresh pantry items
2026-05-27,Uber Premier - Office Commute,Travel & Commute,expense,516.94,UPI,Commute expense
2026-05-29,Third Wave Coffee,Food & Dining,expense,616.53,UPI,Food order
2026-05-29,Ola Cabs - Airport Ride,Travel & Commute,expense,1147.46,UPI,Commute expense
2026-05-30,Swiggy Instamart Snack Order,Food & Dining,expense,481.57,UPI,Food order
2026-05-31,Social Pub - Weekend Dinner,Food & Dining,expense,2262.72,UPI,Food order
2026-05-31,Nature's Basket Organic Fruits & Veggies,Groceries,expense,2628.84,UPI,Fresh pantry items
2026-05-31,Myntra - Casual Wear,Shopping,expense,2270.66,Credit Card,Retail purchase
2026-06-01,TechCorp Solutions - Monthly Salary,Salary,income,88000.0,Net Banking,Direct bank transfer
2026-06-01,DMart Supermarket Monthly Run,Groceries,expense,4492.64,UPI,Fresh pantry items
2026-06-01,Uber Premier - Office Commute,Travel & Commute,expense,442.05,UPI,Commute expense
2026-06-03,Starbucks Coffee & Croissant,Food & Dining,expense,590.49,UPI,Food order
2026-06-04,Shell Petrol Pump - Fuel Top-up,Travel & Commute,expense,2523.0,Credit Card,Commute expense
2026-06-04,Zara - Weekend Shopping,Shopping,expense,6276.82,Credit Card,Retail purchase
2026-06-05,Apartment Maintenance & Rent,Rent,expense,23500.0,UPI,Paid to Landlord
2026-06-05,Third Wave Coffee,Food & Dining,expense,391.16,UPI,Food order
2026-06-05,Blinkit Quick Delivery,Groceries,expense,1311.58,UPI,Fresh pantry items
2026-06-06,Social Pub - Weekend Dinner,Food & Dining,expense,2384.97,UPI,Food order
2026-06-06,DMart Supermarket Monthly Run,Groceries,expense,4482.06,UPI,Fresh pantry items
2026-06-07,Nippon India Nifty 50 Index Fund SIP,Investment,expense,12000.0,Auto Debit,Automated monthly SIP
2026-06-07,Parag Parikh Flexi Cap Fund SIP,Investment,expense,8000.0,Auto Debit,SIP investment
2026-06-07,Social Pub - Weekend Dinner,Food & Dining,expense,2684.34,Credit Card,Food order
2026-06-08,Nature's Basket Organic Fruits & Veggies,Groceries,expense,1558.76,UPI,Fresh pantry items
2026-06-08,Uber Premier - Office Commute,Travel & Commute,expense,606.27,UPI,Commute expense
2026-06-09,Swiggy Instamart Snack Order,Food & Dining,expense,337.25,UPI,Food order
2026-06-09,Zepto Instant Groceries,Groceries,expense,705.98,UPI,Fresh pantry items
2026-06-09,Shell Petrol Pump - Fuel Top-up,Travel & Commute,expense,2201.35,Credit Card,Commute expense
2026-06-10,HDFC Auto Loan EMI,EMI & Loans,expense,9200.0,Auto Debit,Monthly EMI
2026-06-10,McDonald's - Drive Thru,Food & Dining,expense,435.68,UPI,Food order
2026-06-11,Ola Cabs - Airport Ride,Travel & Commute,expense,890.76,UPI,Commute expense
2026-06-12,Airtel Fiber & Mobile Postpaid,Bills & Utilities,expense,1699.0,Credit Card,High speed internet & family plan
2026-06-12,Adani Electricity Bill,Bills & Utilities,expense,3074.54,UPI,Monthly power bill
2026-06-12,Chai Point - Evening Chai & Snacks,Food & Dining,expense,232.77,Credit Card,Food order
2026-06-12,Fastag Toll Auto-Recharge,Travel & Commute,expense,830.76,UPI,Commute expense
2026-06-12,Zara - Weekend Shopping,Shopping,expense,3258.2,Credit Card,Retail purchase
2026-06-13,Social Pub - Weekend Dinner,Food & Dining,expense,2321.63,Credit Card,Food order
2026-06-14,Social Pub - Weekend Dinner,Food & Dining,expense,2469.89,UPI,Food order
2026-06-15,Netflix 4K + Spotify Family,Subscriptions,expense,898.0,Credit Card,Streaming entertainment
2026-06-16,Zomato Delivery - Biryani Blues,Food & Dining,expense,661.57,UPI,Food order
2026-06-17,Shell Petrol Pump - Fuel Top-up,Travel & Commute,expense,2957.4,Credit Card,Commute expense
2026-06-18,Upwork - UI/UX Consulting Retainer,Freelance,income,24500.0,Direct Transfer,Client project milestone
2026-06-18,Blinkit Quick Delivery,Groceries,expense,940.8,UPI,Fresh pantry items
2026-06-18,Ola Cabs - Airport Ride,Travel & Commute,expense,1138.03,UPI,Commute expense
2026-06-19,Third Wave Coffee,Food & Dining,expense,487.59,Credit Card,Food order
2026-06-19,Shell Petrol Pump - Fuel Top-up,Travel & Commute,expense,2265.92,Credit Card,Commute expense
2026-06-20,Chai Point - Evening Chai & Snacks,Food & Dining,expense,171.66,UPI,Food order
2026-06-21,Starbucks Coffee & Croissant,Food & Dining,expense,740.06,UPI,Food order
2026-06-21,Blinkit Quick Delivery,Groceries,expense,1135.22,UPI,Fresh pantry items
2026-06-22,Fastag Toll Auto-Recharge,Travel & Commute,expense,638.25,UPI,Commute expense
2026-06-24,Third Wave Coffee,Food & Dining,expense,505.58,UPI,Food order
2026-06-26,Social Pub - Weekend Dinner,Food & Dining,expense,2815.48,Credit Card,Food order
2026-06-26,DMart Supermarket Monthly Run,Groceries,expense,3842.26,UPI,Fresh pantry items
2026-06-26,Fastag Toll Auto-Recharge,Travel & Commute,expense,537.04,UPI,Commute expense
2026-06-27,Swiggy Instamart Snack Order,Food & Dining,expense,474.67,Credit Card,Food order
2026-06-27,Zepto Instant Groceries,Groceries,expense,418.31,UPI,Fresh pantry items
2026-06-28,McDonald's - Drive Thru,Food & Dining,expense,590.26,Credit Card,Food order
2026-06-29,Amazon India - Household Essentials,Shopping,expense,2318.76,Credit Card,Retail purchase
2026-06-30,Third Wave Coffee,Food & Dining,expense,365.17,UPI,Food order
2026-06-30,Fastag Toll Auto-Recharge,Travel & Commute,expense,725.25,UPI,Commute expense
2026-07-01,TechCorp Solutions - Monthly Salary,Salary,income,88000.0,Net Banking,Direct bank transfer
2026-07-01,Third Wave Coffee,Food & Dining,expense,427.64,Credit Card,Food order
2026-07-01,Zepto Instant Groceries,Groceries,expense,1086.85,UPI,Fresh pantry items
2026-07-03,McDonald's - Drive Thru,Food & Dining,expense,428.36,UPI,Food order
2026-07-04,Social Pub - Weekend Dinner,Food & Dining,expense,2361.14,UPI,Food order
2026-07-05,Apartment Maintenance & Rent,Rent,expense,23500.0,UPI,Paid to Landlord
2026-07-05,Social Pub - Weekend Dinner,Food & Dining,expense,3019.29,UPI,Food order
2026-07-06,Swiggy Instamart Snack Order,Food & Dining,expense,510.86,Credit Card,Food order
2026-07-07,Nippon India Nifty 50 Index Fund SIP,Investment,expense,12000.0,Auto Debit,Automated monthly SIP
2026-07-07,Parag Parikh Flexi Cap Fund SIP,Investment,expense,8000.0,Auto Debit,SIP investment
2026-07-07,Zomato Delivery - Biryani Blues,Food & Dining,expense,855.24,UPI,Food order
2026-07-07,Shell Petrol Pump - Fuel Top-up,Travel & Commute,expense,2217.79,Credit Card,Commute expense
2026-07-08,Nature's Basket Organic Fruits & Veggies,Groceries,expense,1853.36,UPI,Fresh pantry items
2026-07-08,Uber Premier - Office Commute,Travel & Commute,expense,637.32,UPI,Commute expense
2026-07-09,Social Pub - Weekend Dinner,Food & Dining,expense,3808.49,UPI,Food order
2026-07-09,Shell Petrol Pump - Fuel Top-up,Travel & Commute,expense,2139.11,Credit Card,Commute expense
2026-07-10,HDFC Auto Loan EMI,EMI & Loans,expense,9200.0,Auto Debit,Monthly EMI
2026-07-10,McDonald's - Drive Thru,Food & Dining,expense,715.96,UPI,Food order
2026-07-10,Ola Cabs - Airport Ride,Travel & Commute,expense,1057.38,UPI,Commute expense
2026-07-11,Social Pub - Weekend Dinner,Food & Dining,expense,3695.98,UPI,Food order
2026-07-12,Airtel Fiber & Mobile Postpaid,Bills & Utilities,expense,1699.0,Credit Card,High speed internet & family plan
2026-07-12,Adani Electricity Bill,Bills & Utilities,expense,2877.25,UPI,Monthly power bill
2026-07-12,Third Wave Coffee,Food & Dining,expense,490.26,UPI,Food order
2026-07-13,Zomato Delivery - Biryani Blues,Food & Dining,expense,770.9,UPI,Food order
2026-07-15,Netflix 4K + Spotify Family,Subscriptions,expense,898.0,Credit Card,Streaming entertainment
2026-07-15,Ola Cabs - Airport Ride,Travel & Commute,expense,1003.43,UPI,Commute expense
2026-07-16,Fastag Toll Auto-Recharge,Travel & Commute,expense,669.94,UPI,Commute expense
2026-07-17,Zomato Delivery - Biryani Blues,Food & Dining,expense,663.14,UPI,Food order
2026-07-18,Chai Point - Evening Chai & Snacks,Food & Dining,expense,187.81,UPI,Food order
2026-07-19,McDonald's - Drive Thru,Food & Dining,expense,444.14,UPI,Food order
2026-07-19,Croma Electronics - 65 inch 4K OLED Smart TV,Shopping,expense,54990.0,Credit Card,Festival discount purchase - Anomaly Spike
2026-07-20,Third Wave Coffee,Food & Dining,expense,486.62,Credit Card,Food order
2026-07-21,Zomato Delivery - Biryani Blues,Food & Dining,expense,600.5,Credit Card,Food order
2026-07-21,Fastag Toll Auto-Recharge,Travel & Commute,expense,549.86,UPI,Commute expense
2026-07-21,Apollo Pharmacy - Medicines & Vitamins,Healthcare,expense,921.48,UPI,Medical wellness
2026-07-22,DMart Supermarket Monthly Run,Groceries,expense,5844.58,UPI,Fresh pantry items
2026-07-22,Fastag Toll Auto-Recharge,Travel & Commute,expense,824.92,UPI,Commute expense
2026-07-23,Fastag Toll Auto-Recharge,Travel & Commute,expense,936.19,UPI,Commute expense
2026-07-23,Amazon India - Household Essentials,Shopping,expense,1213.89,Credit Card,Retail purchase
2026-07-24,Starbucks Coffee & Croissant,Food & Dining,expense,849.05,Credit Card,Food order
2026-07-24,Uber Premier - Office Commute,Travel & Commute,expense,513.1,UPI,Commute expense
2026-07-25,Zomato Delivery - Biryani Blues,Food & Dining,expense,679.75,UPI,Food order
2026-07-26,Social Pub - Weekend Dinner,Food & Dining,expense,3288.45,Credit Card,Food order
2026-07-26,Blinkit Quick Delivery,Groceries,expense,1029.02,UPI,Fresh pantry items
2026-07-27,Shell Petrol Pump - Fuel Top-up,Travel & Commute,expense,2551.48,Credit Card,Commute expense
2026-07-28,Zara - Weekend Shopping,Shopping,expense,7743.2,Credit Card,Retail purchase
2026-07-29,Shell Petrol Pump - Fuel Top-up,Travel & Commute,expense,2239.06,Credit Card,Commute expense
2026-07-30,Chai Point - Evening Chai & Snacks,Food & Dining,expense,170.25,UPI,Food order
2026-07-30,Fastag Toll Auto-Recharge,Travel & Commute,expense,637.24,UPI,Commute expense
2026-07-31,Third Wave Coffee,Food & Dining,expense,641.82,Credit Card,Food order
2026-08-01,TechCorp Solutions - Monthly Salary,Salary,income,88000.0,Net Banking,Direct bank transfer
2026-08-01,Swiggy Instamart Snack Order,Food & Dining,expense,425.7,UPI,Food order
2026-08-02,Third Wave Coffee,Food & Dining,expense,577.92,UPI,Food order
2026-08-02,Blinkit Quick Delivery,Groceries,expense,1308.23,UPI,Fresh pantry items
2026-08-03,Zara - Weekend Shopping,Shopping,expense,4702.91,Credit Card,Retail purchase
2026-08-04,McDonald's - Drive Thru,Food & Dining,expense,563.4,Credit Card,Food order
2026-08-05,Apartment Maintenance & Rent,Rent,expense,23500.0,UPI,Paid to Landlord
2026-08-06,Zomato Delivery - Biryani Blues,Food & Dining,expense,606.3,Credit Card,Food order
2026-08-07,Nippon India Nifty 50 Index Fund SIP,Investment,expense,12000.0,Auto Debit,Automated monthly SIP
2026-08-07,Parag Parikh Flexi Cap Fund SIP,Investment,expense,8000.0,Auto Debit,SIP investment
2026-08-07,McDonald's - Drive Thru,Food & Dining,expense,569.49,UPI,Food order
2026-08-07,Uber Premier - Office Commute,Travel & Commute,expense,516.44,UPI,Commute expense
2026-08-08,Chai Point - Evening Chai & Snacks,Food & Dining,expense,173.34,UPI,Food order
2026-08-09,Chai Point - Evening Chai & Snacks,Food & Dining,expense,243.79,UPI,Food order
2026-08-10,HDFC Auto Loan EMI,EMI & Loans,expense,9200.0,Auto Debit,Monthly EMI
2026-08-10,Fastag Toll Auto-Recharge,Travel & Commute,expense,558.34,UPI,Commute expense
2026-08-10,Amazon India - Household Essentials,Shopping,expense,1321.77,Credit Card,Retail purchase
2026-08-11,Chai Point - Evening Chai & Snacks,Food & Dining,expense,138.99,UPI,Food order
2026-08-12,Airtel Fiber & Mobile Postpaid,Bills & Utilities,expense,1699.0,Credit Card,High speed internet & family plan
2026-08-12,Adani Electricity Bill,Bills & Utilities,expense,2783.48,UPI,Monthly power bill
2026-08-12,DMart Supermarket Monthly Run,Groceries,expense,5464.77,UPI,Fresh pantry items
2026-08-13,Third Wave Coffee,Food & Dining,expense,454.86,UPI,Food order
2026-08-13,Zara - Weekend Shopping,Shopping,expense,5704.54,Credit Card,Retail purchase
2026-08-14,Starbucks Coffee & Croissant,Food & Dining,expense,502.4,UPI,Food order
2026-08-15,Netflix 4K + Spotify Family,Subscriptions,expense,898.0,Credit Card,Streaming entertainment
2026-08-15,Swiggy Instamart Snack Order,Food & Dining,expense,434.01,UPI,Food order
2026-08-15,Nature's Basket Organic Fruits & Veggies,Groceries,expense,1589.71,UPI,Fresh pantry items
2026-08-16,Zomato Delivery - Biryani Blues,Food & Dining,expense,881.93,UPI,Food order
2026-08-18,Upwork - UI/UX Consulting Retainer,Freelance,income,24500.0,Direct Transfer,Client project milestone
2026-08-19,Starbucks Coffee & Croissant,Food & Dining,expense,772.29,UPI,Food order
2026-08-19,Uber Premier - Office Commute,Travel & Commute,expense,418.03,UPI,Commute expense
2026-08-20,Social Pub - Weekend Dinner,Food & Dining,expense,3733.84,UPI,Food order
2026-08-20,Zepto Instant Groceries,Groceries,expense,1104.69,UPI,Fresh pantry items
2026-08-20,Shell Petrol Pump - Fuel Top-up,Travel & Commute,expense,2549.65,Credit Card,Commute expense
2026-08-21,Social Pub - Weekend Dinner,Food & Dining,expense,3879.33,UPI,Food order
2026-08-21,DMart Supermarket Monthly Run,Groceries,expense,3720.47,UPI,Fresh pantry items
2026-08-21,Ola Cabs - Airport Ride,Travel & Commute,expense,876.27,UPI,Commute expense
2026-08-22,Chai Point - Evening Chai & Snacks,Food & Dining,expense,219.7,UPI,Food order
2026-08-23,Social Pub - Weekend Dinner,Food & Dining,expense,2308.27,Credit Card,Food order
2026-08-24,DMart Supermarket Monthly Run,Groceries,expense,6164.27,UPI,Fresh pantry items
2026-08-24,Fastag Toll Auto-Recharge,Travel & Commute,expense,699.37,UPI,Commute expense
2026-08-25,Starbucks Coffee & Croissant,Food & Dining,expense,618.49,UPI,Food order
2026-08-25,Uber Premier - Office Commute,Travel & Commute,expense,407.97,UPI,Commute expense
2026-08-25,Zara - Weekend Shopping,Shopping,expense,6934.14,Credit Card,Retail purchase
2026-08-25,Clove Dental Care - Root Canal & Crown Procedure,Healthcare,expense,14200.0,UPI,Specialized dental treatment
2026-08-26,Uber Premier - Office Commute,Travel & Commute,expense,503.24,UPI,Commute expense
2026-08-27,Shell Petrol Pump - Fuel Top-up,Travel & Commute,expense,2720.49,Credit Card,Commute expense
2026-08-28,Swiggy Instamart Snack Order,Food & Dining,expense,317.14,UPI,Food order
2026-08-28,Shell Petrol Pump - Fuel Top-up,Travel & Commute,expense,2137.86,Credit Card,Commute expense
2026-08-29,Social Pub - Weekend Dinner,Food & Dining,expense,3874.83,Credit Card,Food order
2026-08-30,Zomato Delivery - Biryani Blues,Food & Dining,expense,793.6,UPI,Food order
2026-08-30,Zara - Weekend Shopping,Shopping,expense,6432.41,Credit Card,Retail purchase
2026-08-31,Zomato Delivery - Biryani Blues,Food & Dining,expense,622.56,UPI,Food order
2026-08-31,Uber Premier - Office Commute,Travel & Commute,expense,407.53,UPI,Commute expense
2026-09-01,TechCorp Solutions - Monthly Salary,Salary,income,88000.0,Net Banking,Direct bank transfer
2026-09-01,Nature's Basket Organic Fruits & Veggies,Groceries,expense,2354.55,UPI,Fresh pantry items
2026-09-02,Swiggy Instamart Snack Order,Food & Dining,expense,461.06,UPI,Food order
2026-09-02,DMart Supermarket Monthly Run,Groceries,expense,5485.82,UPI,Fresh pantry items
2026-09-02,Fastag Toll Auto-Recharge,Travel & Commute,expense,707.09,UPI,Commute expense
2026-09-03,Zomato Delivery - Biryani Blues,Food & Dining,expense,663.3,UPI,Food order
2026-09-03,Uniqlo - Winter Fleece,Shopping,expense,4958.89,Credit Card,Retail purchase
2026-09-04,Swiggy Instamart Snack Order,Food & Dining,expense,352.34,UPI,Food order
2026-09-04,Nature's Basket Organic Fruits & Veggies,Groceries,expense,1663.12,UPI,Fresh pantry items
2026-09-04,Fastag Toll Auto-Recharge,Travel & Commute,expense,873.51,UPI,Commute expense
2026-09-05,Apartment Maintenance & Rent,Rent,expense,23500.0,UPI,Paid to Landlord
2026-09-05,Third Wave Coffee,Food & Dining,expense,411.33,UPI,Food order
2026-09-06,Third Wave Coffee,Food & Dining,expense,353.11,UPI,Food order
2026-09-07,Nippon India Nifty 50 Index Fund SIP,Investment,expense,12000.0,Auto Debit,Automated monthly SIP
2026-09-07,Parag Parikh Flexi Cap Fund SIP,Investment,expense,8000.0,Auto Debit,SIP investment
2026-09-07,Uber Premier - Office Commute,Travel & Commute,expense,501.51,UPI,Commute expense
2026-09-09,Social Pub - Weekend Dinner,Food & Dining,expense,3336.63,UPI,Food order
2026-09-09,Shell Petrol Pump - Fuel Top-up,Travel & Commute,expense,2265.89,Credit Card,Commute expense
2026-09-10,HDFC Auto Loan EMI,EMI & Loans,expense,9200.0,Auto Debit,Monthly EMI
2026-09-10,Shell Petrol Pump - Fuel Top-up,Travel & Commute,expense,2421.32,Credit Card,Commute expense
2026-09-11,Swiggy Instamart Snack Order,Food & Dining,expense,336.7,UPI,Food order
2026-09-11,Zepto Instant Groceries,Groceries,expense,950.98,UPI,Fresh pantry items
2026-09-12,Airtel Fiber & Mobile Postpaid,Bills & Utilities,expense,1699.0,Credit Card,High speed internet & family plan
2026-09-12,Adani Electricity Bill,Bills & Utilities,expense,2601.75,UPI,Monthly power bill
2026-09-12,Social Pub - Weekend Dinner,Food & Dining,expense,3074.3,UPI,Food order
2026-09-13,Third Wave Coffee,Food & Dining,expense,536.94,UPI,Food order
2026-09-14,Social Pub - Weekend Dinner,Food & Dining,expense,3425.91,Credit Card,Food order
2026-09-14,Uber Premier - Office Commute,Travel & Commute,expense,473.12,UPI,Commute expense
2026-09-15,Netflix 4K + Spotify Family,Subscriptions,expense,898.0,Credit Card,Streaming entertainment
2026-09-15,Blinkit Quick Delivery,Groceries,expense,1034.26,UPI,Fresh pantry items
2026-09-16,Ola Cabs - Airport Ride,Travel & Commute,expense,978.61,UPI,Commute expense
2026-09-17,Zomato Delivery - Biryani Blues,Food & Dining,expense,874.39,Credit Card,Food order
2026-09-17,Ola Cabs - Airport Ride,Travel & Commute,expense,865.66,UPI,Commute expense
2026-09-18,Chai Point - Evening Chai & Snacks,Food & Dining,expense,193.18,UPI,Food order
2026-09-18,Fastag Toll Auto-Recharge,Travel & Commute,expense,887.23,UPI,Commute expense
2026-09-19,Third Wave Coffee,Food & Dining,expense,540.66,UPI,Food order
2026-09-19,DMart Supermarket Monthly Run,Groceries,expense,4352.44,UPI,Fresh pantry items
2026-09-20,Chai Point - Evening Chai & Snacks,Food & Dining,expense,242.26,UPI,Food order
2026-09-21,Uber Premier - Office Commute,Travel & Commute,expense,472.87,UPI,Commute expense
2026-09-23,Shell Petrol Pump - Fuel Top-up,Travel & Commute,expense,2021.88,Credit Card,Commute expense
2026-09-24,McDonald's - Drive Thru,Food & Dining,expense,545.33,UPI,Food order
2026-09-24,Blinkit Quick Delivery,Groceries,expense,731.0,UPI,Fresh pantry items
2026-09-25,Third Wave Coffee,Food & Dining,expense,613.94,UPI,Food order
2026-09-26,Swiggy Instamart Snack Order,Food & Dining,expense,323.4,UPI,Food order
2026-09-27,Zomato Delivery - Biryani Blues,Food & Dining,expense,714.34,UPI,Food order
2026-09-27,DMart Supermarket Monthly Run,Groceries,expense,5331.79,UPI,Fresh pantry items
2026-09-28,Swiggy Instamart Snack Order,Food & Dining,expense,354.27,Credit Card,Food order
2026-09-29,Fastag Toll Auto-Recharge,Travel & Commute,expense,751.45,UPI,Commute expense
